<?xml version="1.0" encoding="utf-8"?>
<permissions>
  <privapp-permissions package="com.vipercn.viper4android_v2">
    <permission name="android.permission.MODIFY_AUDIO_SETTINGS'" />
    <permission name="android.permission.RECEIVE_BOOT_COMPLETED" />
    <permission name="android.permission.BLUETOOTH" />
    <permission name="android.permission.INTERNET" />
    <permission name="android.permission.WRITE_EXTERNAL_STORAGE" />
    <permission name="android.permission.ACCESS_SUPERUSER" />
  </privapp-permissions>
</permissions>